Douglas,Male,97308,6.945,true,Marketing,8/6/1993 12:42 PM
Thomas,Male,61933,4.17,true,,3/31/1996 6:53 AM
Maria,Female,130590,11.858,false,Finance,4/23/1993 11:17 AM
Jerry,Male,138705,9.34,true,Finance,3/4/2005 1:00 PM
Larry,Male,101004,1.389,true,Client Services,1/24/1998 4:47 PM
Dennis,Male,115163,10.125,false,Legal,4/18/1987 1:35 AM
Ruby,Female,65476,10.012,true,Product,8/17/1987 4:20 PM
,Female,45906,11.598,,Finance,7/20/2015 10:43 AM
Angela,Female,95570,18.523,true,Engineering,11/22/2005 6:29 AM
Frances,Female,139852,7.524,true,Business Development,8/8/2002 6:51 AM
Louise,Female,63241,15.132,true,,8/12/1980 9:01 AM
Julie,Female,102508,12.637,true,Legal,10/26/1997 3:19 PM
Brandon,Male,112807,17.492,true,Human Resources,12/1/1980 1:08 AM
Gary,Male,109831,5.831,false,Sales,1/27/2008 11:40 PM
Kimberly,Female,41426,14.543,true,Finance,1/14/1999 7:13 AM
Lillian,Female,59414,1.256,false,Product,6/5/2016 6:09 AM
Jeremy,Male,90370,7.369,false,Human Resources,9/21/2010 5:56 AM
Shawn,Male,111737,6.414,false,Product,12/7/1986 7:45 PM
Diana,Female,132940,19.082,false,Client Services,10/23/1981 10:27 AM
Donna,Female,81014,1.894,false,Product,7/22/2010 3:48 AM
Lois,,64714,4.934,true,Legal,4/22/1995 7:18 PM
Matthew,Male,100612,13.645,false,Marketing,9/5/1995 2:12 AM
Joshua,,90816,18.816,true,Client Services,3/8/2012 1:58 AM
,Male,125792,5.042,,,6/14/2012 4:19 PM
John,Male,97950,13.873,false,Client Services,7/1/1992 10:08 PM
,Male,37076,18.576,,Client Services,10/8/2012 1:12 AM
Craig,Male,37598,7.757,true,Marketing,2/27/2000 7:45 AM
Scott,,122367,5.218,false,Legal,7/11/1991 6:58 PM
Terry,Male,124008,13.464,true,Client Services,11/27/1981 6:30 PM
Benjamin,Male,79529,7.008,true,Legal,1/26/2005 10:06 PM
Christina,Female,118780,9.096,true,Engineering,8/6/2002 1:19 PM
Joyce,,88657,12.752,false,Product,2/20/2005 2:40 PM
,Male,122340,6.417,,,8/21/1998 2:27 PM
Jean,Female,119082,16.18,false,Business Development,12/18/1993 9:07 AM
Jerry,Male,95734,19.096,false,Client Services,1/10/2004 12:56 PM
Theresa,Female,85182,16.675,false,Sales,10/10/2006 1:12 AM
Rachel,Female,142032,12.599,false,Business Development,2/16/2009 8:47 PM
Linda,Female,57427,9.557,true,Client Services,10/19/1981 8:49 PM
Stephanie,Female,36844,5.574,true,Business Development,9/13/1986 1:52 AM
,Male,122173,7.797,,Client Services,1/29/2016 2:33 AM
Michael,Male,99283,2.665,true,Distribution,10/10/2008 11:25 AM
Christine,,66582,11.308,true,Business Development,6/28/2015 1:08 AM
Beverly,Female,121918,15.835,false,Legal,9/9/1998 8:26 PM
Marilyn,Female,73524,5.207,true,Marketing,12/7/1980 3:16 AM
Cynthia,Female,145146,7.482,true,Product,11/16/1988 6:54 PM
Roger,Male,88010,13.886,true,Sales,4/17/1980 11:32 AM
Bruce,Male,114796,6.796,false,Finance,11/28/2009 10:47 PM
Kathy,Female,66820,9.0,true,Client Services,6/22/2005 4:51 AM
Clarence,Male,93581,6.083,true,Business Development,3/26/1996 5:57 AM
Chris,,113590,3.055,false,Sales,1/24/1980 12:13 PM
Nancy,Female,94976,13.83,true,Engineering,9/23/2000 8:05 AM
,,41126,14.009,,Sales,12/17/2011 8:29 AM
Todd,Male,49339,1.695,true,Human Resources,2/18/1990 2:41 AM
Alan,,40341,17.578,true,Finance,3/3/2014 1:28 PM
Sara,Female,83677,8.999,false,Engineering,8/15/2007 9:23 AM
Karen,Female,102488,17.653,true,Product,11/30/1999 7:46 AM
Carl,Male,130276,16.084,true,Finance,5/3/2006 5:55 PM
Henry,Male,64715,15.107,true,Human Resources,6/26/1996 1:44 AM
Theresa,Female,72670,1.481,true,Engineering,4/11/2010 7:18 AM
Irene,Female,66851,11.279,false,Engineering,5/7/1997 9:32 AM
Paula,,48866,4.271,false,Distribution,11/23/2005 2:01 PM
Denise,Female,106862,3.699,false,Business Development,11/6/2001 12:03 PM
,Female,58112,19.414,,Marketing,6/12/2007 5:25 PM
Matthew,Male,35203,18.04,false,Human Resources,1/2/2013 10:33 PM
Kathleen,,77834,18.771,false,Business Development,4/11/1990 6:46 PM
Steve,Male,61310,12.428,true,Distribution,11/11/2009 11:44 PM
Nancy,Female,125250,2.672,true,Business Development,12/15/2012 11:57 PM
Rachel,Female,51178,9.735,true,Finance,8/16/1999 6:53 AM
Jose,Male,84834,14.33,true,Finance,10/30/2004 1:39 PM
Irene,,100863,4.382,true,Finance,7/14/2015 4:31 PM
Todd,,84692,6.617,false,Client Services,6/10/2003 2:26 PM
Johnny,Male,118172,16.194,true,Sales,11/6/2009 4:23 PM
Bobby,Male,54043,3.833,false,Product,5/7/2007 10:01 AM
Frances,Female,90582,4.709,true,Sales,4/4/1999 4:19 PM
Thomas,Male,62096,17.029,false,Marketing,6/4/1995 2:24 PM
Bonnie,Female,104897,5.118,true,Human Resources,7/2/1991 1:27 AM
Margaret,Female,131604,7.353,true,Distribution,9/10/1988 12:42 PM
Charles,Male,107391,1.26,true,Marketing,9/14/2004 8:13 PM
Robin,Female,114797,5.965,true,Sales,6/4/1983 3:15 PM
Bonnie,Female,115814,4.99,false,Product,11/13/1988 3:30 PM
Gerald,,137126,15.602,true,Sales,3/17/1995 12:50 AM
Christopher,Male,47369,14.822,false,Legal,3/30/2008 10:52 AM
Steven,Male,35095,8.379,true,Client Services,3/30/1980 9:20 PM
Shawn,Male,148115,6.539,true,Finance,9/23/2005 2:55 AM
Doris,Female,83072,7.511,false,Finance,8/20/2004 5:51 AM
Jeremy,Male,100238,3.887,true,Client Services,2/1/2008 8:50 AM
Annie,,103495,17.29,true,Business Development,9/29/2007 12:11 AM
Annie,Female,144887,8.276,true,Sales,1/30/1993 2:05 AM
Donna,Female,64088,6.155,true,Legal,11/27/1991 1:59 PM
Janice,Female,51082,11.955,false,Legal,3/12/2016 12:40 AM
Janice,,91719,11.583,true,Legal,8/21/1997 5:12 AM
James,,128771,8.309,false,,1/26/2005 11:00 PM
Linda,Female,119009,12.506,true,Business Development,5/25/2000 5:45 PM
Virginia,,111858,1.601,true,Legal,5/7/1994 5:58 PM
Harry,Male,130620,7.03,false,Legal,8/26/1981 3:16 PM
Heather,Female,43026,14.166,false,Client Services,7/11/1998 2:17 PM
Cynthia,Female,142321,1.737,false,Finance,3/21/1994 8:34 AM
Laura,,140371,10.62,true,Marketing,7/19/2014 9:23 PM
Tina,Female,100705,16.961,true,Marketing,6/16/2016 7:47 PM
Harold,Male,77544,12.447,false,Business Development,1/2/1985 9:40 PM
Melissa,Female,48109,14.995,false,Finance,6/21/2005 6:33 AM
Aaron,Male,61602,11.849,true,Marketing,2/17/2012 10:20 AM
Jack,Male,103902,12.159,false,Client Services,1/12/1997 5:51 AM
Phyllis,Female,136984,8.932,true,Finance,10/11/1996 9:30 PM
John,Male,80740,19.305,false,Marketing,12/23/1989 7:01 AM
Kathy,Female,91712,8.567,false,Finance,3/9/1996 4:33 AM
Paul,Male,42146,3.046,false,Legal,8/4/1993 7:25 PM
Steven,Male,68680,16.565,false,Legal,4/23/2013 10:12 PM
Russell,,133980,12.396,true,Legal,5/5/1988 7:57 AM
Christopher,Male,37919,11.449,false,,4/22/2000 10:15 AM
Shirley,Female,147113,16.135,false,Legal,6/20/2001 10:39 PM
Bonnie,Female,42153,8.454,true,Business Development,12/17/1999 3:12 PM
Willie,Male,64363,4.023,false,Marketing,11/27/2003 6:21 AM
Tina,Female,114767,3.711,true,Engineering,6/12/2009 7:16 AM
Ashley,Female,58698,6.811,true,Business Development,8/4/2002 11:00 AM
Pamela,Female,54585,4.166,false,Product,7/1/1982 6:51 AM
,Male,76189,18.988,,Legal,6/22/1991 8:58 PM
Steven,Male,109095,9.494,false,Finance,3/1/1995 3:03 PM
Andrea,Female,120204,9.557,false,Business Development,1/12/2012 5:43 AM
Paul,Male,41054,12.299,false,Marketing,6/3/2008 3:05 PM
Peter,Male,84885,15.402,false,Business Development,11/17/1994 6:15 PM
Kathleen,,119735,18.74,false,Product,5/9/2016 8:55 AM
Christina,Female,110169,13.892,true,Engineering,4/13/2012 2:04 PM
Helen,Female,73789,14.841,true,Product,11/29/2001 2:30 AM
Marilyn,Female,76078,2.401,true,Product,11/16/1983 8:29 AM
Patricia,Female,49368,14.226,false,Human Resources,9/1/2003 6:46 AM
Michelle,Female,57325,17.179,true,Human Resources,3/30/1984 6:43 PM
William,Male,66521,5.83,false,Human Resources,9/29/2002 4:09 PM
Kenneth,Male,127654,16.439,true,Client Services,8/25/1987 9:16 PM
Antonio,Male,60866,13.101,true,Business Development,10/25/1988 1:50 PM
Shirley,Female,41334,6.219,true,Human Resources,5/1/1984 1:15 PM
Rebecca,Female,94231,17.517,false,Product,7/10/1992 12:23 AM
Carlos,Male,146670,10.763,false,Human Resources,1/4/1995 7:02 AM
Lois,Female,106317,2.235,true,Client Services,12/25/1987 4:16 PM
Carolyn,Female,109260,2.65,true,Business Development,4/9/2011 5:38 AM
Gloria,Female,134148,8.833,true,Legal,6/29/2007 5:34 AM
Henry,Male,43542,19.687,false,Legal,4/24/1995 4:18 AM
Adam,Male,95327,15.12,false,Distribution,5/21/2011 1:45 AM
Ashley,Female,112238,6.03,true,Engineering,5/25/2006 11:30 AM
,Female,132373,10.527,,,10/3/1990 1:08 AM
Shirley,Female,113850,1.854,false,Marketing,2/28/1981 1:23 PM
Adam,Male,110194,14.727,true,Product,12/24/1990 8:57 PM
Elizabeth,Female,146129,5.687,false,Finance,10/9/2003 5:53 PM
Teresa,,140013,8.689,true,Engineering,1/28/2016 10:55 AM
Nicole,,122717,12.452,false,Sales,3/5/1982 2:28 PM
Jennifer,Female,71715,13.079,true,Client Services,4/4/2009 10:47 PM
Patricia,Female,95322,4.15,false,Product,11/25/1992 2:24 AM
Philip,Male,89227,3.996,false,Legal,7/17/2008 1:30 PM
Patrick,,124488,14.837,true,Sales,7/14/1991 2:24 AM
,Female,86230,8.578,,Distribution,8/17/2014 2:00 PM
Sean,Male,135490,19.934,false,Marketing,5/4/1996 8:59 PM
Brandon,,121333,15.295,false,Business Development,11/3/1997 8:17 PM
Ruth,Female,129297,8.067,true,Client Services,8/19/1999 4:03 AM
Victor,,84546,10.489,true,Finance,3/10/2011 8:40 PM
Rebecca,Female,85730,5.359,true,Product,11/15/1980 4:13 AM
Marie,Female,104058,17.695,true,Business Development,3/16/2003 12:12 AM
Howard,Male,105062,1.563,false,Human Resources,4/27/1992 1:10 AM
,Female,79536,14.443,,Product,7/27/2005 8:32 AM
Norma,Female,114412,8.756,true,Marketing,2/28/1999 8:45 PM
James,,68501,14.316,false,Marketing,11/22/1983 10:52 PM
Kathy,Female,149563,16.991,true,Finance,3/18/2000 7:26 PM
Marilyn,,103386,11.451,false,Distribution,8/22/1999 9:09 AM
Arthur,Male,89786,14.422,true,Legal,4/13/1998 11:28 AM
Terry,Male,52226,19.135,false,Client Services,9/3/1990 9:15 PM
Mary,Female,134645,18.197,false,Business Development,8/13/1999 1:03 AM
,Female,59148,9.061,,Legal,3/23/2014 1:28 PM
,Female,42341,7.014,,Sales,7/9/1991 6:52 PM
Christopher,Male,142178,17.984,true,Sales,12/24/2011 12:22 PM
Peter,,38989,7.017,true,Marketing,9/3/1987 5:59 PM
Michelle,Female,53754,5.455,true,Product,11/4/1996 9:34 PM
Irene,Female,133772,19.02,true,Sales,1/29/1992 11:36 AM
Patrick,Male,143499,17.495,true,Engineering,8/17/2007 3:16 AM
Sara,Female,97058,9.402,false,Finance,9/23/1991 6:17 PM
Lillian,Female,85446,3.959,true,Engineering,12/21/2008 6:51 PM
,,40297,6.185,,Client Services,9/18/2007 6:59 PM
Willie,Male,146651,1.451,true,Engineering,2/17/1998 8:20 PM
Victor,Male,124486,10.166,false,Product,1/8/2003 1:02 PM
Wayne,Male,102652,14.085,true,Distribution,4/7/2012 8:00 AM
Jane,Female,144474,17.648,false,Product,9/3/1997 2:01 AM
Jessica,Female,68759,19.343,true,Finance,10/23/1995 5:53 AM
Mark,Male,57286,5.025,true,Business Development,4/12/2008 5:40 PM
Randy,Male,58129,1.952,true,Distribution,11/14/1999 12:12 PM
Lillian,Female,123940,12.184,true,Business Development,6/19/1999 4:44 PM
Ruth,,98233,2.518,true,Distribution,5/18/1999 5:56 AM
Jerry,Male,140810,9.177,true,Client Services,12/18/2003 6:46 AM
Sandra,Female,42090,8.842,true,Legal,1/19/1983 7:25 AM
,Female,149654,1.825,,Sales,2/23/2005 9:50 PM
Roger,Male,51430,6.46,false,Marketing,11/19/2004 3:55 PM
Charles,Male,71749,15.931,false,Legal,10/14/2000 9:40 PM
Clarence,Male,85700,1.215,false,Sales,5/2/1998 3:16 AM
Carol,Female,57783,9.129,false,Finance,3/19/1996 3:39 AM
Lois,Female,36946,6.652,false,Engineering,10/18/2013 4:51 PM
Barbara,,99326,16.475,true,Legal,5/3/2003 7:32 PM
Rebecca,Female,109259,4.443,true,Legal,2/18/1995 6:50 AM
Irene,Female,131038,8.996,false,Distribution,1/30/2004 8:25 PM
Ronald,Male,121068,12.757,true,Product,4/30/2014 2:19 PM
Steven,Male,62719,19.127,false,Client Services,11/10/1985 10:53 AM
Carolyn,Female,69268,3.031,false,Client Services,11/6/2012 3:51 AM
Maria,Female,36067,9.64,true,Product,12/27/1990 9:57 PM
Jonathan,Male,130581,16.736,true,,7/17/2009 8:15 AM
Gary,Male,89661,8.525,false,Finance,8/12/1987 12:04 AM
Kimberly,Female,36643,7.953,false,Marketing,7/15/1997 5:57 AM
Roger,Male,140558,5.084,true,Sales,11/8/1982 2:32 AM
Diana,Female,103521,2.784,true,Business Development,1/4/2013 7:53 AM
Willie,Male,55281,4.935,true,Marketing,6/6/2006 9:45 AM
Brandon,Male,115711,8.012,true,Finance,3/27/2006 5:54 PM
Patricia,Female,114079,8.399,true,Client Services,12/6/2012 4:01 AM
Katherine,Female,57531,1.767,false,Client Services,11/14/1999 8:15 AM
Jonathan,Male,141069,4.903,false,Human Resources,10/12/1987 2:59 AM
Emily,Female,89434,11.295,false,Engineering,9/20/2007 11:25 AM
Ruth,Female,44639,9.148,true,Legal,8/12/1986 7:29 PM
Linda,Female,110967,19.612,true,Human Resources,6/24/2006 12:04 PM
Lisa,Female,115387,1.821,false,Client Services,11/2/2009 9:42 AM
Evelyn,Female,81673,15.364,true,Engineering,5/24/1980 11:10 PM
Julie,Female,109588,3.55,false,Engineering,7/23/1989 1:52 PM
Mary,Female,92544,3.8,false,Client Services,5/30/2009 11:41 PM
Matthew,Male,142373,2.462,false,Marketing,7/31/2013 8:04 AM
Douglas,Male,83341,1.015,true,Client Services,9/3/1999 4:00 PM
Gregory,,98865,10.628,true,Finance,6/15/1992 5:08 AM
Billy,Male,120444,7.768,true,Finance,3/13/1995 12:05 PM
,Female,71945,5.56,,Marketing,6/17/1991 12:49 PM
Gregory,Male,109564,3.845,false,Legal,1/29/2000 6:01 AM
Jason,Male,78417,3.067,false,Finance,10/17/1999 10:09 PM
Daniel,Male,106947,15.866,true,Legal,4/30/2010 3:48 AM
Sarah,Female,87298,2.311,false,Distribution,9/14/1995 7:50 AM
Harry,Male,64579,15.266,true,Sales,10/1/2015 7:47 PM
Kathy,Female,50905,9.404,true,Finance,4/19/1995 12:46 AM
Todd,Male,59728,11.226,true,Client Services,4/13/1999 10:31 AM
Bobby,Male,51685,17.445,true,Engineering,9/23/1994 1:29 AM
Jeremy,Male,49542,1.679,true,Distribution,6/8/2000 12:15 AM
George,,38375,8.999,false,Legal,2/24/1988 11:29 AM
Diane,Female,64084,17.018,false,Product,4/18/1993 3:22 AM
Marilyn,Female,147663,10.263,false,Human Resources,4/4/1997 9:28 PM
Kathryn,Female,73935,14.752,false,Sales,2/4/2004 1:47 PM
Irene,Female,40837,12.182,true,Client Services,2/4/1982 5:26 PM
Norma,Female,94393,3.643,true,Engineering,2/11/2015 11:44 PM
Laura,Female,42087,2.624,false,Product,4/2/2006 1:57 PM
Cheryl,Female,52080,9.375,false,Legal,9/23/2008 2:57 AM
Kevin,Male,35061,5.128,false,Legal,3/25/1982 7:31 AM
Lillian,,64164,17.612,false,Human Resources,5/12/2016 3:43 PM
Phyllis,,94088,19.107,false,Distribution,4/21/1984 7:05 PM
Walter,Male,127813,5.961,false,Finance,7/6/1983 11:54 PM
Robert,Male,38041,18.428,true,Engineering,10/27/1990 7:15 PM
Jimmy,Male,126310,5.413,true,Product,10/7/1986 5:53 PM
Clarence,Male,142561,8.866,false,Client Services,10/8/1996 12:53 PM
Victor,Male,70817,17.138,false,Engineering,4/11/1991 7:44 AM
Fred,,59937,12.045,true,Human Resources,12/2/1984 2:03 PM
Brenda,,106115,3.742,true,Product,7/27/2010 11:07 PM
Justin,Male,82782,4.366,true,Distribution,12/6/1992 5:58 PM
Betty,Female,104896,19.55,true,Business Development,6/12/2002 3:59 AM
Randy,,133943,8.94,true,Sales,2/6/1986 3:04 PM
Sharon,,83658,6.513,false,Business Development,3/1/1990 3:46 AM
Ralph,Male,71896,4.232,true,Marketing,11/11/2004 1:35 AM
,,113732,10.391,,Sales,4/28/2003 3:01 AM
Edward,Male,110485,7.995,false,Client Services,5/27/1985 10:13 PM
Denise,Female,115118,5.108,false,Human Resources,3/20/2009 7:57 AM
Debra,Female,48696,4.75,false,Legal,3/13/1998 11:16 PM
,Male,42676,15.517,,Sales,11/25/1999 6:16 AM
Michael,Male,43586,12.659,false,,1/24/2002 3:04 AM
Henry,Male,89258,15.585,true,Human Resources,2/6/1995 8:34 AM
Gloria,Female,90730,2.491,false,Distribution,3/27/2007 1:44 AM
Marie,Female,100308,13.677,false,Product,8/6/1995 1:58 PM
Anne,Female,69134,3.723,true,Engineering,7/16/1986 2:08 PM
Sarah,,58295,14.603,true,Engineering,11/21/1985 1:08 PM
Stephanie,Female,50141,13.218,true,Human Resources,3/24/1983 11:15 AM
Roy,Male,101941,3.45,false,Client Services,9/23/2004 1:31 PM
,Female,115145,14.063,,Distribution,8/5/2009 8:14 AM
,Male,40451,16.044,,Distribution,2/4/2005 1:01 PM
Irene,Female,56526,5.81,true,Finance,3/3/1982 8:26 AM
,Female,145316,18.517,,Human Resources,8/2/1992 8:35 PM
Thomas,Male,103235,9.554,true,Human Resources,4/6/2011 1:04 PM
Frank,,58563,12.062,true,Marketing,11/20/2001 10:18 AM
Fred,Male,74129,18.225,false,Product,2/20/1980 2:25 AM
Nicholas,Male,74669,1.113,true,Product,4/12/1994 8:21 PM
Howard,Male,97490,5.46,true,Marketing,10/5/1982 7:22 AM
Debra,Female,104250,18.456,true,Business Development,2/22/1994 10:25 PM
Christine,Female,94345,11.996,false,Finance,7/3/1989 4:01 AM
Brenda,,82439,19.062,false,Sales,5/29/1991 6:32 AM
Betty,Female,51613,12.984,false,Distribution,6/28/2005 6:03 PM
Ruby,Female,105946,1.139,false,Business Development,11/8/2000 7:35 PM
Kevin,Male,46080,9.635,false,Business Development,7/12/1997 2:07 AM
Arthur,Male,134610,6.147,true,Human Resources,1/1/2014 7:46 PM
Carl,,125104,12.345,false,Client Services,2/7/2014 3:57 AM
Todd,Male,107281,1.612,true,Engineering,3/11/2009 3:43 AM
Brenda,Female,141521,4.337,false,Client Services,10/6/2005 9:33 PM
Judy,Female,65931,2.304,false,Human Resources,9/16/1997 12:10 AM
Todd,Male,69989,10.985,true,Finance,2/2/1984 10:13 AM
Lois,Female,147183,9.999,true,Client Services,11/9/2011 7:06 AM
Walter,,66757,18.099,false,Distribution,12/21/1999 10:33 PM
Jessica,Female,75145,6.388,true,Legal,9/27/1985 1:35 PM
Jeremy,Male,129460,13.657,true,,6/14/1988 6:20 PM
Tammy,Female,132839,17.463,true,Client Services,11/11/1984 10:30 AM
Anne,Female,44537,18.284,true,Client Services,3/7/2000 6:45 AM
Jesse,Male,118733,9.653,false,Marketing,10/25/1999 3:35 PM
Virginia,Female,46905,19.154,false,Distribution,10/20/1999 6:23 AM
Jesse,Male,79582,3.873,false,Legal,3/2/1981 7:26 PM
Jeremy,,55394,3.18,true,Sales,11/10/1996 1:49 PM
Daniel,Male,123811,7.664,true,Human Resources,9/15/2007 10:16 PM
Patrick,,137314,4.542,true,Marketing,8/30/2004 11:43 AM
Emily,Female,36711,19.028,true,Human Resources,1/13/1988 6:42 AM
Alan,Male,111786,3.592,true,Engineering,6/26/1988 3:54 AM
James,Male,72257,13.023,false,Engineering,7/11/2015 8:52 PM
Adam,Male,71276,5.027,true,Human Resources,7/5/2007 11:59 AM
Joan,,38712,3.657,false,Client Services,7/25/1980 12:22 PM
Jeremy,Male,46930,18.702,true,Finance,8/12/1981 12:05 AM
Margaret,Female,125220,3.733,false,Marketing,2/6/1993 1:05 PM
Mark,Male,121477,17.44,true,Business Development,4/1/1984 1:21 PM
Marilyn,Female,86386,2.937,false,Distribution,9/26/1981 2:23 AM
Cheryl,Female,81308,2.196,true,Legal,9/8/2009 10:16 AM
Benjamin,Male,84810,15.794,false,Marketing,9/11/1984 6:37 AM
Harold,Male,66775,2.158,true,Legal,2/20/1990 11:00 PM
Ernest,,72145,13.448,true,Finance,1/18/2002 1:51 AM
Gerald,Male,121604,1.923,true,Sales,4/16/2001 10:09 PM
Judy,Female,109510,13.457,true,Legal,7/1/1991 2:33 AM
Bobby,Male,112117,6.338,false,,3/31/1996 5:40 PM
Bobby,,108127,15.858,false,Client Services,9/1/1995 2:09 PM
Marie,Female,123711,10.966,false,Product,10/3/2013 8:05 PM
Kathy,Female,132381,8.34,false,Business Development,12/18/2013 3:09 PM
Roy,Male,148225,1.841,false,Finance,8/6/2006 7:52 AM
Jacqueline,Female,145988,18.243,false,Marketing,11/25/1981 3:01 PM
,Female,62960,14.356,,Sales,7/8/2008 11:40 PM
Julie,Female,56926,7.507,false,Sales,3/23/1986 9:26 AM
Douglas,Male,41428,14.372,false,Product,1/8/2002 6:42 PM
Linda,Female,115658,3.041,true,Sales,12/16/1990 2:20 AM
Ruby,Female,76707,6.031,false,Business Development,12/10/1988 8:27 PM
Russell,Male,60388,17.885,false,Client Services,1/2/2005 1:48 AM
Jeffrey,Male,45150,12.075,true,Product,6/18/1997 8:01 PM
Aaron,Male,58755,5.097,true,Marketing,1/29/1994 6:48 PM
Samuel,Male,76076,5.319,true,Finance,12/19/1991 2:54 AM
,Male,87760,14.987,,Engineering,1/27/2010 2:57 AM
Randy,Male,135119,7.887,false,Client Services,3/16/2014 6:24 PM
Evelyn,Female,36759,17.269,true,Marketing,9/3/1983 1:58 PM
Fred,Male,121723,18.645,true,Product,2/13/1987 2:15 PM
Shirley,Female,110061,7.494,false,Client Services,6/8/1986 2:25 AM
Todd,Male,85074,1.844,false,Client Services,5/23/2011 4:14 PM
Robert,Male,85799,19.93,false,Finance,11/18/2014 5:00 AM
Mark,Male,75150,12.182,true,Legal,1/22/2007 2:37 PM
Earl,Male,91344,4.035,true,Sales,1/5/2000 5:46 PM
Richard,Male,86326,10.717,false,Product,9/27/2005 1:41 AM
Michael,Male,98753,16.443,true,Human Resources,11/22/1991 12:57 PM
Steven,Male,113060,2.846,true,Sales,5/12/2009 2:14 PM
Carlos,Male,77327,11.58,true,Finance,9/19/2007 1:01 AM
Marie,Female,62666,10.247,false,Product,10/20/2011 10:09 PM
Ronald,Male,96633,4.99,true,Engineering,2/24/2009 2:09 PM
Scott,Male,58248,3.914,false,Business Development,5/12/2009 4:36 AM
Steven,Male,83706,6.96,true,Human Resources,11/21/2006 8:30 AM
James,Male,74086,5.778,true,Human Resources,11/22/1998 3:48 AM
Lori,Female,95389,14.223,false,Sales,3/31/1988 10:59 PM
Philip,Male,129968,19.897,false,Finance,8/2/1989 11:21 AM
Phyllis,Female,140347,8.723,false,Sales,11/24/2005 11:57 PM
Thomas,,41549,3.95,false,Sales,8/31/1995 8:31 PM
Cynthia,Female,74287,10.751,false,Sales,12/3/2012 11:03 PM
,Male,69906,4.844,,Engineering,10/9/2011 9:29 AM
,Male,65078,3.095,,Marketing,4/22/1997 9:36 PM
Elizabeth,Female,106406,1.782,true,Legal,11/10/2005 4:56 AM
Andrea,Female,115913,12.121,false,Legal,9/14/2003 10:30 PM
Judy,Female,38092,5.668,false,Distribution,2/1/1990 3:32 PM
Russell,Male,121160,7.843,false,Engineering,8/13/2014 3:51 PM
Scott,Male,90429,4.45,false,Product,12/17/2011 3:45 AM
Sarah,Female,64207,7.824,true,Client Services,5/22/1994 7:06 AM
Susan,Female,80688,18.892,true,Sales,9/25/2004 1:30 AM
Margaret,Female,55044,4.078,false,Sales,5/5/2014 6:01 AM
Joshua,Male,72893,9.555,false,Distribution,11/9/2009 6:32 AM
Justin,,96978,13.865,false,Finance,4/15/2005 8:43 PM
Juan,Male,97364,3.595,false,Product,4/16/2002 11:09 PM
Gloria,,140885,1.113,false,Human Resources,7/19/1983 1:57 AM
Jennifer,,58520,16.231,true,Client Services,1/24/1989 8:38 PM
Edward,Male,66067,10.957,true,,8/4/1989 6:06 AM
Marilyn,Female,147183,8.748,false,Business Development,12/17/1982 12:10 PM
Mary,Female,87721,12.484,false,Product,10/18/2009 6:32 PM
Linda,Female,144001,2.194,false,Business Development,7/15/2009 10:12 PM
Larry,Male,91133,5.14,false,Sales,8/27/2003 1:00 PM
Albert,Male,67827,19.717,true,Engineering,2/1/1997 4:20 PM
Kenneth,Male,81839,12.072,false,Sales,4/13/1999 10:28 PM
,Female,81444,3.171,,Distribution,12/31/2006 11:02 PM
Gregory,,137661,4.805,true,Sales,7/9/2011 11:31 PM
Brandon,Male,112548,4.664,false,Engineering,10/16/2015 2:44 AM
Stephen,Male,111249,10.574,true,Human Resources,4/9/1987 12:47 PM
Russell,Male,114334,9.669,false,Product,10/30/1994 5:46 AM
,Female,118906,4.537,,Marketing,9/18/2002 12:39 PM
Pamela,,72979,5.66,false,Sales,7/15/2001 1:33 PM
Scott,Male,64172,10.894,true,Engineering,8/3/1996 1:50 AM
,Female,107024,12.182,,,4/18/1996 3:57 PM
Carlos,Male,50167,2.362,false,Product,7/28/2010 3:08 PM
Jack,Male,106995,15.723,false,Product,12/24/1980 10:58 PM
Debra,Female,70492,8.895,false,Client Services,1/19/2010 8:48 AM
Phyllis,Female,125881,16.697,false,Sales,1/15/1995 5:27 AM
Robert,Male,123294,19.894,false,Client Services,10/29/1994 4:26 AM
Gloria,Female,131045,11.312,true,Product,9/19/1989 7:40 PM
Sharon,,97635,10.413,true,Client Services,10/28/1984 5:59 PM
Barbara,,94493,13.443,true,Sales,4/26/2001 12:22 AM
Marilyn,Female,140502,9.989,true,Sales,8/15/1989 9:14 AM
Ralph,Male,106310,4.03,true,Client Services,10/27/2010 10:28 AM
Harry,,46240,6.976,true,Engineering,12/5/1996 5:45 AM
Robin,Female,111163,5.025,true,Product,1/8/1998 2:12 AM
Kathy,Female,93753,7.094,true,Sales,11/25/2001 9:55 PM
Rose,Female,63494,19.385,true,Human Resources,7/6/2002 3:57 PM
Clarence,Male,116693,13.835,true,Distribution,1/13/2005 9:00 AM
Doris,Female,85215,7.425,true,Human Resources,7/29/1992 6:40 PM
Kathryn,Female,86439,7.799,false,Finance,6/9/1988 9:29 AM
Billy,,62913,18.241,true,Marketing,3/16/2004 8:21 AM
Norma,Female,38872,9.302,true,Business Development,4/16/1996 5:40 AM
Richard,,124655,14.272,true,Engineering,11/28/1992 5:05 PM
Craig,Male,113506,19.642,false,Marketing,2/8/1984 4:45 AM
Sarah,,109980,8.86,false,Sales,7/20/1990 10:49 PM
Sharon,Female,91522,7.564,false,Finance,3/9/2014 4:39 PM
Mary,Female,42214,17.538,true,Business Development,8/22/2010 8:03 AM
Steve,,83159,9.55,true,Distribution,2/23/2002 3:55 AM
Joe,Male,144082,1.62,true,Client Services,12/5/2010 4:20 PM
Jeremy,Male,47885,19.276,true,Human Resources,5/29/1994 6:24 AM
Ernest,Male,126232,6.191,true,Sales,8/14/2012 11:25 AM
Kevin,Male,134598,11.699,false,Business Development,6/23/1981 8:26 PM
Jacqueline,Female,66604,14.609,false,Legal,2/11/2007 2:01 AM
Johnny,Male,115194,5.861,true,Marketing,9/14/1992 8:21 AM
Gary,Male,49101,11.9,true,Business Development,8/18/2011 8:12 AM
Shirley,,67811,12.699,false,Finance,11/16/1990 6:01 PM
,Male,111043,5.966,,Distribution,6/29/2008 5:23 AM
Sarah,,37748,9.047,false,Human Resources,8/31/1981 2:51 PM
Julia,Female,36403,2.664,true,Finance,3/2/1982 12:52 PM
Dorothy,Female,140136,3.12,true,Business Development,11/5/2013 10:50 PM
Justin,Male,121508,19.334,true,Finance,5/22/1986 6:30 AM
Kevin,Male,79906,18.021,true,Sales,11/20/1986 6:59 PM
Victor,Male,123144,16.261,true,Product,9/24/2005 12:04 PM
Deborah,Female,46953,17.436,false,Client Services,11/25/1980 4:33 AM
Matthew,,79443,14.637,false,Human Resources,6/9/2003 7:35 AM
Alice,Female,51395,2.378,true,Finance,5/2/1986 1:50 AM
Todd,Male,134408,3.56,true,Human Resources,3/16/2016 2:45 PM
Frank,Male,71853,8.037,true,Sales,1/10/1981 1:30 PM
Christopher,Male,68028,7.869,true,Finance,5/13/1999 10:48 AM
Rose,Female,149903,5.63,false,Human Resources,5/28/2015 8:40 AM
Andrea,Female,79123,19.422,false,Distribution,10/1/2010 11:54 AM
Charles,Male,104014,7.077,false,Legal,12/16/1999 8:28 PM
Jessica,,121160,12.993,false,Client Services,3/7/2015 8:45 PM
Wanda,Female,65362,7.132,true,Legal,7/20/2008 1:44 PM
Joyce,Female,50701,14.227,true,,2/7/1995 7:38 AM
Billy,Male,144709,10.069,true,Distribution,12/1/2006 3:32 PM
Kathryn,Female,53061,11.864,true,Finance,8/29/2007 6:10 AM
Denise,Female,36697,11.196,true,Sales,3/18/2001 12:02 AM
Jason,Male,69244,6.22,true,,11/20/1998 2:54 PM
Nicholas,Male,101036,2.826,true,Human Resources,3/1/2013 9:26 PM
Aaron,Male,52119,11.343,true,Client Services,7/22/1990 2:53 PM
Louise,Female,46666,1.886,true,Business Development,5/13/2003 9:47 AM
Julie,Female,73437,2.518,true,Finance,4/23/1998 5:52 AM
Kathy,Female,86318,18.492,true,Sales,5/8/1987 6:19 PM
,Male,76409,7.008,,Distribution,5/24/2016 9:17 PM
Chris,Male,71642,1.496,false,,12/12/2006 1:57 AM
Cheryl,Female,67150,15.85,true,Marketing,8/16/1994 8:33 AM
Gregory,Male,142208,11.204,true,Engineering,5/15/2009 3:52 PM
Wayne,Male,81183,17.066,false,Client Services,1/30/1992 3:01 PM
Beverly,Female,107163,3.665,true,Human Resources,11/30/2005 2:57 AM
Willie,Male,55038,19.691,false,Legal,8/22/2009 1:03 PM
Terry,,140002,19.49,true,Marketing,7/15/2016 12:29 AM
Scott,Male,146812,1.965,true,Marketing,11/17/2012 2:47 PM
Annie,Female,40119,4.338,true,Human Resources,12/19/1994 6:19 AM
,Male,136602,10.429,,Marketing,2/21/1995 12:26 AM
Ruth,Female,69579,18.029,true,Human Resources,10/24/2000 4:13 AM
Deborah,,101457,6.662,false,Engineering,2/3/1983 11:38 PM
Patricia,Female,121232,16.624,false,Legal,1/9/2015 4:16 AM
Albert,Male,102626,15.843,false,Finance,9/30/2007 5:34 PM
Charles,,137171,5.574,true,Marketing,3/1/1987 1:00 PM
Tina,Female,88276,14.248,false,Legal,1/17/2005 9:11 AM
Jeremy,Male,43354,13.946,false,Marketing,8/9/2001 3:56 AM
Craig,Male,125556,7.996,false,Engineering,4/14/1996 9:17 AM
Jose,Male,59862,3.269,false,Product,7/11/2002 9:15 AM
Lawrence,Male,74640,18.641,false,Marketing,5/13/2005 1:25 AM
Helen,Female,52875,4.188,false,Legal,10/31/1997 2:43 AM
Walter,Male,58789,5.461,false,Sales,8/4/2007 1:59 PM
Amy,Female,122897,8.222,true,Engineering,6/19/2002 3:06 AM
Janice,Female,136032,10.696,true,Marketing,6/28/1997 1:48 PM
Stephen,Male,141958,9.078,true,Legal,5/9/2015 7:07 PM
Ryan,Male,139917,11.466,false,Distribution,7/20/1993 10:18 PM
Sharon,Female,147635,14.693,false,Human Resources,3/12/2002 6:32 AM
Joshua,Male,68230,8.047,false,Client Services,7/10/1984 7:22 PM
Clarence,Male,124365,8.457,false,Business Development,8/20/1992 8:23 PM
Jonathan,Male,104749,11.364,false,Engineering,8/15/2002 12:01 AM
Stephanie,Female,122121,7.937,true,Engineering,11/26/1992 12:54 AM
Kathy,Female,143541,8.461,false,Human Resources,10/25/1996 12:59 PM
Albert,Male,137840,9.705,false,Business Development,8/14/2008 5:43 PM
Michael,Male,73354,18.357,false,Business Development,5/22/2011 10:42 AM
Richard,Male,47647,18.787,true,,7/4/1997 11:47 AM
Amy,Female,106249,15.967,false,Sales,3/30/2008 10:54 PM
,Female,93847,1.085,,Business Development,4/27/2013 6:40 AM
Beverly,,104815,3.38,false,Product,5/3/1995 5:49 AM
,Female,115436,3.099,,Human Resources,4/26/1992 8:01 PM
Joe,Male,50645,11.119,false,Marketing,4/14/2000 3:14 PM
Ashley,Female,142415,1.985,true,Finance,8/15/1997 9:48 PM
Howard,Male,37984,2.021,false,Distribution,4/9/2012 6:36 AM
Cheryl,Female,71751,15.918,false,Business Development,12/3/2014 9:27 AM
Robert,Male,135882,19.944,false,Legal,3/11/2007 11:20 AM
Sharon,Female,46007,19.731,true,Client Services,7/1/2011 9:50 AM
Judith,Female,117055,7.461,false,Marketing,11/23/2007 1:22 PM
Nicholas,,58478,6.525,true,Distribution,9/9/1989 7:12 PM
Jerry,Male,121357,18.845,false,Business Development,1/30/1995 7:51 PM
Craig,Male,44857,13.266,false,Finance,11/1/2005 11:31 PM
Barbara,Female,47322,7.25,true,Sales,3/21/2002 8:02 AM
Eugene,Male,81077,2.117,false,Sales,5/24/1984 10:54 AM
Johnny,Male,76394,5.437,true,Marketing,2/26/2016 7:39 PM
Benjamin,Male,114356,7.123,false,Client Services,5/5/2013 3:28 PM
Diana,Female,41831,4.548,false,Business Development,6/13/1994 4:21 PM
Barbara,,90187,14.764,true,Distribution,12/10/1980 11:04 PM
Christine,Female,72613,11.126,false,Legal,2/1/2003 1:11 PM
Sean,Male,42748,9.765,false,Distribution,2/11/2013 7:07 PM
Sarah,Female,37259,1.763,false,Client Services,11/3/1980 2:47 PM
Roger,Male,125033,4.887,true,Marketing,8/3/2015 4:56 PM
,Female,38275,10.494,,Distribution,6/24/2014 10:05 AM
,Male,71520,13.248,,Engineering,4/20/1980 1:17 PM
Donald,Male,106472,6.499,true,Client Services,7/14/1995 7:51 AM
Clarence,Male,103684,18.654,true,Engineering,11/3/2015 12:11 AM
Scott,Male,96111,15.592,false,Human Resources,11/23/1996 7:36 PM
Ann,Female,90719,6.22,false,Business Development,11/4/1984 12:17 PM
Frank,Male,140303,17.07,false,Legal,4/27/2003 12:04 PM
Joe,Male,62161,8.13,true,Business Development,7/4/1983 7:32 AM
Wanda,Female,78883,19.695,false,,4/6/1993 3:11 AM
Jimmy,Male,63549,19.624,false,,11/19/2013 7:29 PM
Amy,,63888,18.115,true,Product,12/25/1984 10:52 AM
Larry,Male,97370,10.458,false,Sales,1/8/1999 2:05 AM
Gloria,Female,66224,15.979,true,Legal,4/12/1992 8:26 PM
Ruth,Female,97915,3.997,true,Human Resources,12/12/1996 10:07 AM
Diana,Female,86883,18.003,true,Product,1/19/1995 12:37 AM
Raymond,Male,37812,3.178,false,Human Resources,2/16/2009 10:38 PM
Peter,Male,56580,8.411,true,,2/22/2003 9:09 AM
,,83895,17.971,,Engineering,9/25/1981 9:59 AM
Catherine,Female,58047,14.858,true,Distribution,8/31/2013 7:24 PM
Diane,Female,124889,15.026,true,Sales,7/5/1982 4:56 PM
Peter,,118840,14.509,true,Client Services,10/13/2014 9:33 PM
Steve,Male,67780,9.54,true,Human Resources,8/22/1995 6:58 AM
Barbara,Female,144677,8.696,false,Finance,3/22/2004 8:11 AM
Helen,,45724,1.022,false,Product,12/2/1993 1:42 PM
Jimmy,,86676,7.175,true,Product,8/26/1983 2:48 AM
Christopher,Male,82401,7.252,false,Client Services,4/23/2014 7:52 AM
Kathleen,Female,35575,14.595,false,Distribution,6/13/2014 9:16 AM
Virginia,Female,123649,10.154,true,Marketing,5/2/2010 9:10 PM
Lisa,Female,38078,10.28,true,Product,2/26/2005 6:33 PM
Earl,Male,52620,13.773,false,Product,2/11/2014 9:03 PM
Gerald,,133366,12.292,false,Legal,1/8/1992 3:50 PM
Louise,Female,91462,8.205,false,Marketing,9/18/1981 5:47 AM
Clarence,Male,146589,4.905,true,Business Development,8/26/1982 9:47 AM
Cynthia,Female,51633,13.472,true,Business Development,9/14/1991 1:08 PM
Adam,Male,45181,3.491,false,Human Resources,10/8/2010 9:53 PM
Justin,Male,62454,3.459,true,Sales,9/6/1999 10:30 AM
,Female,84746,4.82,,Finance,12/2/2009 3:30 AM
Ruby,Female,147362,7.851,true,Engineering,5/1/1999 3:36 AM
Amanda,Female,80803,14.077,true,Distribution,8/1/2004 1:32 PM
Anna,Female,117293,2.366,false,Client Services,4/15/2008 2:34 PM
Roger,Male,105689,13.32,true,Marketing,7/3/2010 5:11 PM
Julie,,93302,9.048,true,Product,2/4/1999 5:35 PM
Joseph,Male,102555,3.672,true,Product,9/10/1992 6:50 PM
Evelyn,Female,51525,10.366,false,Finance,9/22/1998 7:55 PM
Janice,Female,41190,3.311,true,Sales,1/2/1984 9:06 PM
Sara,Female,75484,3.186,false,Finance,2/25/1980 10:50 PM
Gregory,Male,82726,16.304,true,Marketing,6/18/1984 3:46 AM
Philip,Male,122319,19.122,false,Engineering,7/18/1985 6:36 AM
Barbara,Female,127297,11.905,true,Product,9/2/1991 3:41 PM
Amanda,Female,109290,13.853,false,Engineering,6/7/2002 7:46 AM
Phyllis,,99150,6.007,false,Client Services,10/25/1985 7:11 AM
Anne,Female,71930,18.451,true,Product,10/26/1996 8:09 PM
Arthur,Male,66819,6.639,true,Marketing,12/16/2014 4:56 PM
Jane,Female,42424,18.115,false,Distribution,6/1/1994 8:39 AM
Linda,Female,51431,13.295,false,Engineering,8/18/1985 4:34 AM
Ashley,Female,120675,6.51,false,Human Resources,11/17/1999 9:18 PM
Shawn,Male,96610,2.097,true,Client Services,12/3/2009 10:24 AM
Kathleen,Female,71430,8.572,false,Engineering,9/20/1996 3:45 PM
Sara,,87713,18.863,true,Legal,10/7/1983 1:35 PM
Randy,Male,86723,14.842,false,Engineering,5/2/2002 7:39 PM
Andrew,Male,43414,7.563,true,Client Services,3/29/1985 6:57 PM
Marilyn,Female,87145,17.33,false,Human Resources,8/9/2006 11:24 AM
Johnny,Male,91124,12.986,true,Distribution,1/8/1995 1:35 PM
,Female,48141,12.605,,,4/1/1980 8:04 PM
Susan,Female,90829,19.142,false,Marketing,4/18/1986 9:31 AM
Ruby,Female,101262,6.773,false,Client Services,7/7/1980 3:42 AM
Kelly,Female,41427,1.431,false,Product,8/16/1996 3:09 AM
Jonathan,Male,56993,18.623,false,Marketing,4/6/1995 10:38 PM
Raymond,Male,114244,16.69,false,Human Resources,1/13/1996 4:14 PM
Kimberly,Female,81800,5.435,true,,12/30/1981 4:51 AM
,Female,118736,7.421,,Client Services,1/13/2009 1:01 PM
John,Male,66077,5.809,true,Product,1/22/1995 12:17 AM
Michael,Male,35013,14.879,false,Product,7/30/1993 5:35 PM
Jerry,Male,98393,11.393,false,Client Services,5/4/2003 4:29 AM
Amanda,Female,107111,1.438,true,Product,3/17/1982 11:46 PM
Harold,Male,65673,1.187,true,Legal,10/18/2010 8:45 PM
Harry,Male,65482,18.089,false,,1/27/1985 8:18 PM
Ernest,Male,81919,15.118,false,Marketing,1/28/1990 12:08 AM
Harry,Male,59277,10.2,false,Finance,11/19/1982 11:25 AM
Diane,Female,49501,13.506,false,Business Development,2/2/1988 6:14 PM
Jack,Male,70367,18.266,true,Legal,5/30/2012 3:17 AM
Shirley,Female,132156,2.754,false,Marketing,4/16/1988 11:09 AM
Rose,Female,56961,7.585,false,Marketing,10/30/2004 4:34 PM
Cheryl,Female,98841,8.945,true,Client Services,7/23/1982 6:28 AM
Cynthia,Female,78226,2.419,false,Human Resources,5/23/1980 3:19 AM
Sandra,Female,116931,9.657,true,Human Resources,4/24/1995 7:14 PM
Andrea,Female,87575,13.346,true,Business Development,10/30/1994 11:23 AM
Rachel,Female,110924,7.808,false,Distribution,4/22/1988 12:01 PM
Justin,Male,78351,15.221,false,Sales,5/24/1981 11:15 PM
Marie,Female,125574,4.644,false,Sales,11/23/2000 5:06 AM
Louis,Male,95198,2.075,false,Business Development,4/15/2011 5:02 AM
Nancy,Female,121006,3.512,true,Finance,5/7/1985 10:20 PM
Mark,Male,95728,6.752,true,Business Development,10/3/1984 5:31 AM
Teresa,Female,69740,8.294,false,Distribution,6/24/1987 7:37 PM
Frances,Female,91996,11.506,false,Product,7/21/2001 2:34 AM
,Female,98385,10.925,,Human Resources,10/11/1990 10:57 PM
Barbara,,90556,15.749,true,Distribution,12/20/1994 10:09 AM
Christine,,50366,9.862,true,Marketing,6/15/1980 6:00 PM
Bobby,,84232,15.704,true,Engineering,7/21/2003 3:50 PM
Carl,,100888,12.49,true,Business Development,10/26/1991 8:11 AM
Bruce,Male,141335,15.427,true,Engineering,3/15/2013 11:13 PM
Rose,Female,97691,2.142,false,Client Services,5/20/1982 9:14 AM
Mildred,Female,47266,10.256,false,Client Services,2/21/1981 3:30 AM
,Male,139754,12.74,,Sales,10/13/1983 11:59 PM
,Female,116236,17.274,,Engineering,10/24/1993 5:17 PM
Todd,Male,103405,15.91,false,Sales,2/16/2010 11:29 AM
Alan,Male,41453,10.084,false,Product,2/17/2012 12:26 AM
Elizabeth,,52730,12.525,false,Marketing,2/16/1981 3:58 AM
Julie,,60361,7.099,true,Distribution,10/21/2000 1:15 AM
Teresa,,63103,11.378,false,Finance,1/3/1992 3:47 PM
Eric,Male,65168,11.513,false,Distribution,11/12/2004 9:16 PM
Edward,Male,73105,6.083,true,Engineering,8/30/2001 1:24 AM
Kimberly,Female,37916,12.929,true,Distribution,12/6/1986 2:23 PM
Kathy,Female,45682,1.451,true,Marketing,1/14/2001 5:11 AM
Peter,Male,69297,1.268,false,Finance,11/24/1992 5:43 PM
Beverly,Female,59070,19.064,true,Engineering,10/22/1990 2:45 PM
Ralph,Male,81215,8.4,false,Finance,3/7/2012 2:25 AM
Justin,Male,128036,18.824,false,Client Services,8/10/1997 11:00 PM
Irene,Female,89780,8.999,true,Sales,6/23/2005 11:03 AM
Irene,Female,125018,9.601,true,Legal,11/29/2006 2:14 PM
Jeremy,Male,133033,12.2,false,Sales,11/26/1997 8:22 AM
Cynthia,Female,82408,8.701,true,Marketing,6/29/2015 6:38 AM
,Female,131755,2.93,,,4/13/1997 8:03 AM
Anne,Female,128305,16.636,false,Marketing,11/21/1984 12:30 PM
,,147309,1.702,,Distribution,9/2/1988 12:49 PM
Debra,Female,74911,19.513,false,Marketing,3/12/1983 12:19 PM
Michael,Male,47079,2.617,false,Legal,7/13/1988 1:48 PM
Jason,,82873,1.869,false,Client Services,3/6/2008 1:20 AM
Rebecca,Female,134673,6.878,false,Engineering,2/23/1990 3:21 PM
Andrea,Female,123591,6.5,true,Engineering,11/17/2011 2:37 PM
Carl,Male,75598,19.289,false,,3/30/1987 5:59 PM
Randy,Male,89831,13.047,true,,9/27/2000 3:04 AM
Marilyn,Female,92430,2.924,false,Engineering,7/2/1984 4:06 PM
Wayne,Male,126956,18.396,false,Human Resources,9/2/2009 1:37 AM
Frances,Female,112467,1.433,false,Business Development,11/12/1996 6:08 PM
Amanda,,46665,19.391,true,Client Services,8/11/1991 2:15 PM
Kathleen,Female,42553,3.756,true,Distribution,8/28/2004 10:49 AM
Amanda,Female,102081,5.203,false,Sales,1/25/1995 5:06 AM
Amanda,,135118,15.108,false,Finance,3/16/2010 9:17 AM
Shawn,Male,71975,9.77,false,Human Resources,9/29/1987 10:11 PM
Katherine,Female,149908,18.912,false,Finance,8/13/1996 12:21 AM
Anna,,45418,10.162,false,Marketing,3/13/1985 9:19 AM
Elizabeth,Female,79145,19.78,false,Finance,2/21/2010 7:02 AM
Donald,Male,122920,5.32,false,,4/6/1988 10:00 AM
Gregory,Male,128031,15.857,true,Business Development,11/15/1999 5:22 PM
Ruth,Female,59969,14.064,true,Finance,2/17/2004 5:38 AM
Cynthia,Female,35381,11.749,false,Finance,7/5/1986 1:24 AM
Deborah,Female,113129,17.371,false,Client Services,11/21/1985 1:40 PM
Willie,Male,141932,1.017,true,Engineering,12/5/2009 5:39 AM
Debra,Female,42296,16.922,false,Product,5/28/2006 6:51 AM
Carl,Male,63395,11.411,false,Legal,12/14/1984 8:49 PM
Walter,Male,125382,13.613,true,Client Services,9/24/2007 11:16 PM
Lisa,Female,113592,17.108,true,Marketing,2/9/1982 6:44 PM
Rebecca,Female,46750,11.367,true,Sales,3/5/2000 10:33 AM
Jessica,Female,90285,13.591,true,Client Services,10/19/1986 9:58 PM
Steve,,53692,4.785,true,Marketing,8/27/2009 3:41 PM
Mary,,100341,6.662,false,Distribution,12/24/1986 7:02 PM
Craig,Male,123876,4.225,false,Engineering,8/21/1995 2:38 AM
Katherine,Female,41643,4.659,true,Distribution,12/19/2000 1:40 AM
Andrea,Female,113760,12.866,true,Distribution,8/31/1989 11:10 PM
Timothy,Male,49473,12.463,false,Legal,10/6/2010 10:49 PM
Anthony,Male,146141,3.645,true,Distribution,2/13/2013 1:35 PM
Harold,,79459,7.776,true,Business Development,2/4/2004 11:02 AM
Douglas,,104496,14.771,true,Marketing,2/4/2009 2:03 AM
James,Male,67789,17.105,true,Legal,12/5/2001 7:06 AM
Joseph,,86564,11.879,true,,3/28/1982 1:05 PM
Martha,Female,135758,14.782,true,Client Services,9/14/2001 3:22 AM
Laura,Female,84672,3.96,false,Distribution,7/12/2000 6:07 PM
Robert,Male,111580,10.982,false,Human Resources,11/5/1982 12:41 PM
Ralph,Male,50455,16.248,false,Business Development,3/24/1996 11:54 AM
,Male,88733,1.932,,Human Resources,8/28/2012 7:56 PM
Diane,Female,130577,12.791,false,Marketing,10/30/2009 6:56 PM
Annie,Female,138925,9.801,true,Marketing,6/6/1992 10:04 AM
Jacqueline,Female,62371,15.77,true,Client Services,9/20/1994 6:07 PM
Brenda,Female,87715,2.675,false,Product,4/17/1984 7:12 AM
Lori,Female,66029,3.345,true,Client Services,9/11/2002 7:36 AM
Albert,Male,86818,14.301,true,Engineering,6/17/1992 3:25 AM
Frank,Male,75147,17.398,false,Product,11/23/2002 6:10 PM
Deborah,Female,105573,5.268,true,Product,4/23/2000 6:55 PM
Robin,,41230,6.611,true,Distribution,12/20/2005 2:42 PM
Alice,Female,117787,10.485,false,,1/21/2016 5:07 PM
,Male,88086,19.387,,Finance,10/20/1989 9:37 AM
Paul,,91462,18.704,false,Finance,2/18/2011 12:23 PM
,Male,139959,8.992,,Distribution,12/27/1996 7:07 AM
Brian,Male,93901,17.821,true,Legal,4/7/2007 10:47 PM
Julie,,50529,17.263,false,Finance,5/8/1980 6:31 AM
Bruce,Male,134988,13.926,true,Sales,1/28/2007 11:10 PM
Joan,Female,120941,3.694,true,Finance,10/2/2007 2:53 AM
Harold,Male,118753,8.162,false,Sales,5/15/2007 6:37 PM
Alice,Female,92799,2.782,false,Sales,10/16/1995 9:19 PM
Barbara,Female,85718,13.326,false,Client Services,11/12/2011 12:35 AM
Sarah,Female,109517,5.146,false,Human Resources,4/6/1999 11:17 AM
Samuel,Male,85550,11.593,true,Marketing,5/25/2012 4:40 PM
,Male,136655,9.801,,Distribution,5/23/1990 2:09 AM
Barbara,,43312,8.218,true,Legal,8/2/2002 5:13 AM
Amy,,102839,10.385,true,Distribution,5/19/1984 11:47 AM
Frank,Male,78891,7.927,true,Distribution,3/2/2009 9:15 PM
Robin,,93201,11.712,true,Legal,9/16/2005 1:26 AM
Debra,Female,84693,6.976,true,Finance,3/17/2011 1:12 PM
Brandon,,73587,9.769,true,Human Resources,5/31/2004 3:36 PM
Thomas,Male,65251,11.211,false,Distribution,9/7/1991 9:51 AM
Harry,Male,129148,15.193,true,Engineering,9/23/2015 1:36 AM
Todd,Male,128175,18.473,true,,7/4/1993 6:53 PM
Patricia,Female,75825,7.839,false,Engineering,3/7/1998 1:10 AM
Steve,Male,51821,1.197,true,Legal,1/11/2002 9:17 PM
,Male,60411,12.048,,Human Resources,4/7/1995 4:32 AM
Edward,Male,58327,17.095,true,Finance,11/27/1997 1:00 AM
Karen,Female,46478,16.552,false,Engineering,1/9/2014 10:09 PM
Martin,,123963,15.745,true,Engineering,2/6/2001 4:17 AM
Ann,Female,79796,9.851,false,Distribution,9/28/1994 5:44 AM
Jonathan,Male,83809,12.922,false,Distribution,7/30/1984 6:02 PM
Peter,Male,77933,13.132,true,Engineering,3/22/1982 7:28 AM
Eric,Male,51070,13.806,true,Business Development,6/15/1993 3:56 AM
Jason,,97480,11.518,false,Human Resources,4/15/1988 8:16 PM
Terry,Male,58357,7.969,false,Engineering,10/21/2010 11:18 PM
John,Male,67165,13.001,false,Engineering,1/29/1999 3:07 AM
Marie,Female,145988,18.685,true,Human Resources,4/8/1983 2:01 PM
Harold,Male,147417,11.626,true,Business Development,4/16/2010 5:13 AM
Joshua,Male,95003,5.197,true,Marketing,6/27/1997 3:23 PM
Brandon,,144187,11.416,true,Legal,9/5/1992 2:32 AM
Andrea,Female,37888,13.47,false,Engineering,12/10/2001 6:40 AM
Jeremy,Male,131513,1.876,true,Finance,5/19/1991 1:40 PM
Daniel,Male,77287,13.0,true,,2/29/2016 4:04 AM
Roy,Male,46875,12.942,true,Sales,5/10/2004 1:22 PM
Dorothy,Female,82744,19.111,true,Client Services,10/8/2008 12:22 AM
Steven,Male,43252,18.892,false,Client Services,9/7/1986 12:32 AM
Nicole,Female,66047,18.674,true,Marketing,4/26/2009 12:40 AM
Ann,Female,118431,12.772,true,Finance,7/16/2001 9:27 AM
Henry,Male,59943,1.432,false,Finance,5/12/1986 2:04 AM
,Male,136681,3.655,,Business Development,6/17/2009 1:00 PM
,Female,138807,1.4,,Human Resources,12/18/1994 8:42 PM
Barbara,Female,82884,6.837,true,Business Development,11/26/2002 5:32 AM
Judy,Female,48668,11.716,true,Product,4/5/2011 1:44 AM
Lawrence,Male,122971,14.618,false,Product,7/23/2011 3:41 AM
Joseph,Male,107050,12.737,false,Business Development,10/10/2010 11:12 PM
Carlos,Male,138598,14.737,false,Sales,1/25/1981 10:00 AM
Russell,,149456,3.533,false,Marketing,5/9/2009 11:59 AM
Jane,Female,128540,15.941,false,Legal,7/10/1999 7:02 PM
Martin,Male,61117,2.844,false,Client Services,2/25/2016 6:29 PM
Steven,Male,100949,13.813,true,Human Resources,5/30/1980 8:25 PM
Judy,,46829,5.19,true,Finance,7/15/2011 3:38 PM
James,Male,69111,14.625,true,Business Development,2/16/2008 2:49 AM
Gloria,Female,46602,1.027,true,Business Development,8/19/2004 10:31 AM
Ernest,Male,61181,16.559,false,Business Development,6/30/2001 1:46 PM
Martha,Female,94963,19.626,true,Business Development,7/17/1997 11:11 PM
Janet,,85789,9.712,false,Legal,1/25/1986 5:48 AM
Louis,,145274,16.379,false,Product,2/5/1983 6:39 PM
Tina,Female,102841,3.369,false,Client Services,8/6/1999 3:18 AM
Henry,Male,49665,18.338,false,Business Development,2/23/2007 3:24 AM
Antonio,Male,41928,5.478,true,,6/6/1999 10:54 PM
Lisa,Female,128042,2.03,true,Legal,4/11/2007 1:04 AM
Denise,Female,86150,3.997,false,Client Services,2/19/1984 6:22 AM
Stephen,Male,121816,10.615,true,Distribution,10/21/1984 6:26 AM
Benjamin,Male,123409,7.783,false,Product,4/12/1988 11:32 PM
Carl,,98295,7.617,true,Legal,8/18/2007 8:01 AM
Ruth,Female,59678,10.895,false,Distribution,9/2/1980 6:52 AM
Shawn,Male,57871,4.02,true,Human Resources,12/29/2006 3:05 AM
Jennifer,Female,132084,10.006,true,Engineering,3/31/2015 7:43 PM
Terry,Male,35633,3.947,true,Distribution,11/10/2004 4:33 AM
Jacqueline,Female,125298,3.019,true,Legal,7/27/2008 12:08 PM
Roger,Male,115582,15.343,true,Sales,5/2/1988 10:04 PM
Alice,,148339,11.479,true,Finance,4/23/1995 6:35 AM
Justin,Male,112975,9.699,false,Human Resources,7/25/1991 12:45 AM
Janet,Female,36927,18.769,false,Client Services,7/12/2008 12:10 PM
Robin,Female,70248,9.66,true,Sales,3/26/2004 5:41 PM
Samuel,,141305,9.849,true,Marketing,10/7/2002 3:08 AM
Katherine,Female,72002,13.178,true,Product,9/22/2006 8:08 PM
Peter,Male,102577,12.026,true,Product,5/22/1991 1:39 AM
Lillian,Female,113554,18.018,true,Business Development,8/14/2009 5:41 AM
,Male,47176,10.736,,Finance,10/24/1986 9:23 AM
,Female,106428,10.867,,,6/18/2000 7:36 AM
Rose,Female,75181,6.06,true,Finance,11/3/1999 9:06 AM
Bobby,Male,79047,18.784,false,Human Resources,9/30/2004 10:52 PM
Kimberly,Female,52970,4.513,false,Sales,4/20/1986 3:55 PM
Antonio,Male,137979,5.266,false,Distribution,12/28/2003 4:17 AM
Doris,Female,114360,17.799,true,Business Development,9/8/1984 7:03 PM
Steven,Male,110306,16.843,true,Human Resources,7/5/2009 4:55 AM
Lawrence,Male,46378,9.127,false,,7/3/1995 10:55 PM
,Male,74104,17.68,,Client Services,5/6/1986 4:41 PM
,,132505,13.592,,Product,4/15/1991 3:39 AM
Stephanie,Female,96649,3.453,false,Sales,9/14/1982 8:14 AM
,Female,57811,8.941,,Marketing,7/24/1982 12:00 AM
Sandra,Female,111468,2.58,true,Product,9/7/1989 4:17 PM
Kevin,Male,141498,4.135,true,Sales,7/1/2005 3:22 PM
Michelle,,124441,16.353,false,Business Development,3/31/2012 6:28 AM
Lisa,Female,40121,6.293,false,Product,7/8/2000 9:19 PM
Fred,Male,129712,11.058,false,Finance,3/3/1989 2:27 AM
Joseph,Male,126010,19.601,false,Legal,11/4/1982 9:46 PM
Anne,,122762,9.564,false,Distribution,4/18/1996 11:57 PM
Andrea,Female,149105,13.707,true,Distribution,7/22/1999 9:25 AM
Nicole,Female,44021,10.286,false,,3/1/2004 5:17 PM
Theresa,,42025,3.319,true,Human Resources,10/7/1995 10:16 AM
Catherine,Female,59970,12.801,false,Client Services,8/31/1986 6:20 PM
Rose,Female,145001,19.85,false,Engineering,12/31/1982 6:50 PM
Lawrence,Male,102589,17.952,true,Marketing,10/1/1984 2:06 PM
Raymond,Male,47529,2.712,true,Product,12/12/1986 12:18 PM
Clarence,Male,148941,11.517,false,Product,8/5/1989 6:11 PM
Ryan,Male,91109,17.499,true,Human Resources,4/15/1988 5:18 AM
Jane,Female,51923,13.623,false,Business Development,1/12/1992 1:23 PM
Lois,Female,53954,19.075,false,Product,7/28/2012 11:39 AM
Shawn,Male,39335,10.664,false,Distribution,3/17/2008 2:12 PM
Thomas,Male,111371,15.081,true,Engineering,5/3/1990 9:29 AM
Kathryn,Female,86676,6.081,false,Sales,1/29/2008 12:29 AM
Mary,Female,115057,2.089,false,Finance,11/6/2011 8:32 AM
Julie,Female,145357,3.459,false,Engineering,3/8/1980 5:13 AM
George,Male,36749,19.754,false,Finance,9/27/1995 5:04 PM
Ralph,Male,89854,7.227,false,Business Development,2/10/2000 4:48 PM
Judith,Female,134048,6.818,true,Marketing,9/3/1989 11:16 AM
,Male,141311,5.478,,Product,12/13/1994 10:34 AM
Evelyn,Female,123621,19.767,true,Marketing,2/10/2002 4:44 AM
Rachel,Female,54941,3.221,true,Distribution,6/23/2011 12:52 AM
Maria,,106562,4.0,false,Human Resources,1/18/1986 8:36 PM
Kelly,Female,39371,4.068,false,Engineering,3/17/2007 6:20 PM
Ruby,Female,83112,4.083,false,Marketing,5/31/2008 8:41 PM
Ann,Female,96941,10.048,true,Distribution,10/3/1980 1:08 AM
Kenneth,Male,47232,17.862,true,Legal,12/14/1985 6:55 AM
William,Male,54058,5.182,true,Human Resources,11/18/1993 12:27 PM
,Female,80399,12.254,,Distribution,12/27/1980 2:27 AM
Deborah,Female,118043,7.266,true,Business Development,2/26/2009 10:17 AM
,Male,109411,9.494,,Engineering,11/12/2009 2:30 PM
Julia,Female,97566,2.147,false,Marketing,8/18/2014 3:12 AM
Robert,,69267,5.89,true,Sales,12/4/2000 1:20 AM
,,87103,5.665,,,8/1/1988 1:35 AM
Jesse,,98811,7.487,false,Legal,7/16/2014 2:24 AM
Cynthia,Female,149684,7.864,false,Product,7/12/2006 8:55 AM
Johnny,Male,71383,2.097,true,Human Resources,1/14/2007 2:54 PM
Michael,Male,81206,19.908,true,Distribution,8/31/2002 1:20 AM
Kenneth,Male,69112,7.588,true,Finance,1/15/2015 2:41 PM
Keith,Male,120672,19.467,false,Legal,2/12/2003 3:02 PM
Gerald,Male,96511,9.331,false,Human Resources,5/28/2010 12:26 PM
Carl,,49325,2.071,true,Business Development,2/11/1982 7:54 AM
Douglas,Male,132175,2.28,false,Engineering,8/4/2007 5:23 AM
Carolyn,Female,118037,13.492,false,Finance,3/17/2004 6:38 AM
Joseph,Male,139570,15.804,true,Finance,5/23/1985 10:16 PM
Billy,Male,115280,9.153,false,Distribution,4/6/2000 3:14 PM
Joyce,Female,51065,16.807,false,Human Resources,7/25/2001 6:04 AM
Lillian,Female,103854,4.924,true,Distribution,8/26/2002 8:53 AM
Ruby,Female,48354,19.501,false,Business Development,8/13/2006 6:27 PM
Sandra,Female,132327,19.264,false,Product,2/7/1998 12:39 PM
Louise,Female,106362,8.965,false,Sales,2/26/1982 1:03 AM
Maria,,148857,8.738,false,Legal,6/19/1985 1:48 AM
Brenda,Female,131131,11.682,false,Client Services,1/3/1981 6:01 PM
Stephen,Male,129663,15.574,false,Human Resources,9/10/1990 10:42 PM
Nicole,,41449,4.707,false,Finance,5/2/1981 12:03 PM
Bobby,Male,93368,2.88,true,Product,6/5/1984 7:40 AM
Ernest,Male,53335,9.192,false,Product,9/6/1997 2:02 PM
Charles,Male,148291,6.002,false,,9/3/1997 10:04 AM
Bobby,Male,147842,16.158,true,,8/19/1996 1:16 AM
Diana,Female,105066,17.343,true,Business Development,11/19/2004 8:47 AM
Mildred,Female,139284,11.39,true,,4/6/2007 10:06 PM
Harry,Male,63046,10.411,false,Finance,2/10/1985 7:46 PM
Phillip,,89700,2.277,true,,10/20/2003 11:09 AM
Bonnie,,108946,12.211,false,Finance,1/18/2006 6:52 PM
Marie,Female,98406,7.943,true,Product,12/8/1993 6:28 PM
Sean,Male,108581,9.634,false,Human Resources,4/25/2006 4:51 PM
Robin,Female,41808,19.239,false,Business Development,10/1/2012 2:44 AM
Phillip,Male,36837,14.66,false,Marketing,10/7/1984 11:05 AM
Jerry,Male,140850,18.855,false,Finance,3/26/1989 4:15 AM
Ronald,Male,50426,18.536,true,Sales,5/25/1983 10:05 AM
Phillip,Male,134120,6.842,false,Human Resources,5/15/1984 6:15 AM
Ryan,Male,57292,6.01,false,,11/16/2012 1:47 PM
Karen,Female,80633,16.306,false,Legal,8/29/1997 4:56 PM
Bonnie,Female,131943,14.249,false,Client Services,8/25/2004 2:17 AM
Earl,Male,48046,7.737,false,Marketing,6/15/2013 3:00 AM
Katherine,Female,97443,13.657,false,Product,8/18/2013 3:58 PM
Matthew,Male,135352,7.986,true,Business Development,8/3/1995 5:39 AM
Cynthia,,107816,18.751,false,Marketing,11/19/1996 10:40 PM
Gerald,Male,96329,2.469,true,Engineering,3/29/2003 10:37 AM
Brenda,Female,73749,19.332,false,Business Development,1/18/2015 4:39 PM
Jason,Male,75607,4.299,true,Sales,5/1/1998 6:05 PM
Melissa,Female,98858,3.525,true,Human Resources,9/8/1994 4:11 AM
Beverly,Female,76485,9.212,true,Engineering,4/11/1998 2:27 PM
Terry,,41238,8.219,false,Marketing,9/11/1992 4:41 PM
,Male,114896,13.823,,Client Services,9/5/1980 7:36 AM
Jacqueline,Female,125418,8.064,false,Distribution,5/25/2003 7:13 PM
Amy,Female,75415,19.132,false,Client Services,5/20/2009 6:26 AM
Robert,,90998,8.382,false,Finance,5/25/2007 3:17 AM
Ruby,Female,142868,6.318,false,Marketing,1/28/1980 11:08 PM
Sara,,135990,14.344,true,Distribution,11/18/2014 2:47 PM
Kathryn,Female,57300,18.015,false,Marketing,10/27/1995 3:39 PM
Lisa,Female,73706,18.53,false,Finance,10/17/2003 1:42 PM
Juan,Male,85871,9.16,false,Product,10/6/1993 8:52 AM
Anthony,Male,96795,14.837,false,Sales,1/30/2014 9:04 PM
David,Male,92242,15.407,false,Legal,12/5/2009 8:48 AM
Marilyn,Female,115149,11.934,true,Legal,10/8/2007 12:32 AM
Margaret,Female,126924,1.552,true,Finance,1/4/2001 3:07 AM
,Male,145329,7.1,,Finance,11/24/2015 3:11 AM
Timothy,Male,92587,8.475,false,Finance,8/25/1991 10:37 AM
Brandon,Male,60263,2.709,false,Sales,10/23/1995 12:04 PM
Frank,Male,91406,5.681,true,Business Development,7/27/2013 4:32 PM
Betty,Female,37005,7.645,true,Marketing,11/19/2002 10:40 AM
Janice,,139791,16.968,false,Business Development,11/19/1991 6:02 PM
Victor,Male,45267,3.942,true,Sales,3/10/2010 5:01 PM
Kenneth,,95296,10.146,false,Finance,2/28/1994 10:10 AM
Jane,Female,59680,15.211,true,Business Development,4/27/2012 2:12 PM
Walter,Male,144701,16.323,true,Marketing,5/21/1992 12:39 AM
Christina,Female,35477,18.178,false,Human Resources,6/23/2002 3:18 PM
Patricia,Female,119266,6.911,false,Distribution,10/10/1995 4:52 PM
,Male,103877,6.322,,Distribution,5/23/2001 7:52 PM
Heather,Female,47605,14.955,true,Human Resources,7/29/1983 10:48 AM
Stephanie,Female,136604,6.16,true,Human Resources,6/26/1988 5:48 AM
Alice,Female,121250,4.363,true,Finance,2/9/2013 12:49 AM
Frances,Female,35884,17.667,false,Sales,5/16/2014 8:31 AM
Elizabeth,Female,137144,10.081,false,Finance,7/27/1998 11:12 AM
Janice,Female,102697,3.283,false,Engineering,12/17/2009 6:42 AM
Donald,Male,61999,6.466,false,Product,8/1/1991 2:25 AM
Melissa,Female,45223,8.879,true,Legal,10/22/2002 1:20 AM
Carl,Male,54033,15.528,true,Business Development,7/7/2010 1:33 PM
Joe,Male,126120,1.02,false,,12/8/1998 10:28 AM
Lois,Female,99747,6.168,false,Marketing,12/11/2015 4:10 PM
Ann,Female,71958,5.272,true,Distribution,9/28/2001 6:37 AM
Todd,Male,115566,6.716,true,Client Services,1/4/1983 12:34 PM
Marilyn,Female,118369,7.696,true,Business Development,1/16/1996 7:18 AM
Shawn,Male,51667,6.339,false,Product,3/13/2008 5:36 PM
Ryan,Male,85858,19.475,false,Client Services,4/27/1999 3:41 AM
Sean,Male,131423,8.957,false,Distribution,3/21/2009 11:38 AM
Rose,Female,49538,9.828,false,Client Services,1/2/2002 9:14 PM
George,Male,50369,18.9,true,Sales,6/5/2015 5:40 AM
Arthur,Male,86615,3.412,true,Business Development,12/5/2013 8:44 AM
Irene,,135369,4.38,false,Business Development,2/28/1991 10:23 PM
Deborah,Female,60003,9.624,false,Client Services,11/11/2003 4:53 PM
,Female,95866,19.388,,Sales,8/23/2000 4:19 PM
Judith,Female,109324,19.488,false,Distribution,3/1/2004 7:32 AM
Philip,Male,103557,16.014,true,Business Development,3/11/2005 10:56 AM
Jeffrey,Male,111376,2.673,true,Business Development,9/20/1986 6:06 AM
Theresa,Female,75661,1.079,true,Legal,4/27/2001 9:17 PM
Nancy,Female,85213,2.386,true,Marketing,9/10/2001 11:57 PM
Harold,Male,140444,3.771,false,Distribution,6/23/2012 12:40 PM
Bonnie,Female,90427,2.01,true,Client Services,12/23/2008 9:26 AM
Doris,Female,141439,3.799,false,Business Development,7/5/1993 5:54 PM
Samuel,Male,43694,3.787,true,Engineering,8/7/1997 12:40 PM
Alice,Female,131952,12.09,false,Engineering,3/23/1996 3:09 AM
Maria,Female,96250,10.056,false,Business Development,3/14/2003 5:23 PM
Aaron,,63126,18.424,false,Client Services,1/22/1986 7:39 PM
Mark,,44836,2.657,false,Client Services,9/9/2006 12:27 PM
Ralph,,70635,2.147,false,Client Services,7/28/1995 6:53 PM
Andrew,Male,137386,8.611,true,Distribution,9/28/1990 9:38 AM
William,Male,104840,15.653,true,Engineering,6/26/1997 8:33 AM
Lori,Female,75498,6.537,true,Marketing,11/20/2015 1:15 PM
Wayne,Male,67471,2.728,false,Engineering,9/8/2006 11:09 AM
Kenneth,Male,101914,1.905,true,Distribution,5/10/2006 8:24 AM
Gerald,,93712,17.426,true,Distribution,4/15/1989 12:44 PM
,Female,133472,16.941,,Distribution,9/15/1985 1:50 AM
,Male,107351,5.329,,Marketing,7/30/2012 3:07 PM
Ashley,Female,142410,11.048,true,Engineering,3/31/2006 1:24 PM
Scott,Male,37385,8.226,true,Business Development,8/20/2011 8:08 AM
Paula,Female,58423,10.833,false,Business Development,5/21/1983 11:42 AM
,Female,143638,9.662,,,9/14/2010 5:19 AM
Teresa,Female,113425,11.907,true,Human Resources,1/22/2013 3:17 PM
Randy,Male,57266,14.077,false,Product,2/25/2012 5:33 AM
Joe,Male,119667,1.148,true,Finance,1/19/1980 4:06 PM
Sarah,Female,127118,11.176,false,Legal,8/17/2014 11:08 PM
Beverly,Female,80838,8.115,false,Engineering,10/17/1986 12:51 AM
Jeffrey,Male,70990,15.901,true,Sales,2/3/1984 1:26 PM
Gloria,Female,39833,9.631,false,Engineering,10/24/1987 4:43 AM
Albert,Male,45094,5.85,true,Business Development,9/19/1992 2:35 AM
Stephen,Male,93997,18.093,true,Business Development,10/29/1989 11:34 PM
Antonio,,103050,3.05,false,Legal,6/18/1989 9:37 PM
Jonathan,Male,121797,16.923,false,Product,8/21/2013 12:45 AM
Ann,Female,89443,17.94,true,Sales,9/23/1994 11:15 AM
Bruce,Male,35802,12.391,true,Sales,5/7/1980 8:00 PM
Catherine,Female,68164,18.393,false,Client Services,9/25/1989 1:31 AM
Louis,Male,93022,9.146,true,Human Resources,8/16/2011 5:19 PM
Thomas,Male,105681,19.572,false,Engineering,3/12/2016 3:10 PM
Louise,Female,43050,11.671,false,Distribution,3/27/1995 10:27 PM
Linda,Female,44486,17.308,true,Engineering,2/4/2010 8:49 PM
Alice,Female,63571,15.397,true,Product,9/3/1988 8:54 PM
Patrick,Male,75423,5.368,true,Business Development,12/30/2002 2:01 AM
Victor,,76381,11.159,true,Sales,7/28/2006 2:49 PM
Russell,Male,137359,11.105,false,Business Development,5/10/2013 11:08 PM
Harry,Male,67656,16.455,true,Client Services,8/30/2011 6:31 PM
Susan,Female,92436,12.467,false,Sales,4/7/1995 10:05 PM
Denise,Female,137954,4.195,true,Legal,10/19/1992 5:42 AM
Sarah,Female,124566,5.949,false,Product,12/4/1995 9:16 AM
Sean,Male,66146,11.178,false,Human Resources,1/17/1983 2:23 PM
Ernest,Male,142935,13.198,true,Product,7/20/2013 6:41 AM
Kimberly,Female,46233,8.862,true,Engineering,1/26/2013 12:57 AM
James,Male,148985,19.28,false,Legal,1/15/1993 5:19 PM
Rose,Female,91411,8.639,true,Human Resources,4/6/1982 10:43 AM
John,Male,146907,11.738,false,Engineering,12/23/1982 10:35 PM
Maria,Female,43455,13.04,false,Engineering,10/15/2011 4:53 PM
Stephen,,85668,1.909,false,Legal,7/10/1983 8:10 PM
Donna,Female,82871,17.999,false,Marketing,11/26/1982 7:04 AM
Gloria,Female,136709,10.331,true,Finance,12/8/2014 5:08 AM
Alice,Female,47638,11.209,false,Human Resources,10/5/2004 9:34 AM
Justin,,38344,3.794,false,Legal,2/10/1991 4:58 PM
Robin,Female,100765,10.982,true,Client Services,7/24/1987 1:35 PM
Rose,Female,134505,11.051,true,Marketing,8/25/2002 5:12 AM
Anthony,Male,112769,11.625,true,Finance,10/16/2011 8:35 AM
Tina,Female,56450,19.04,true,Engineering,5/15/1997 3:53 PM
George,Male,98874,4.479,true,Marketing,6/21/2013 5:47 PM
Henry,,132483,16.655,false,Distribution,11/23/2014 6:09 AM
Phillip,Male,42392,19.675,false,Finance,1/31/1984 6:30 AM
Russell,Male,96914,1.421,false,Product,5/20/2013 12:39 PM
Larry,Male,60500,11.985,false,Business Development,4/20/2013 4:45 PM
Albert,Male,129949,10.169,true,Sales,5/15/2012 6:24 PM
